{
  "HTTP Request (Видалити героя)" : {
    "transaction" : "HTTP Request (Видалити героя)",
    "sampleCount" : 36370,
    "errorCount" : 0,
    "errorPct" : 0.0,
    "meanResTime" : 134.36356887544727,
    "medianResTime" : 161.0,
    "minResTime" : 1.0,
    "maxResTime" : 478.0,
    "pct1ResTime" : 254.0,
    "pct2ResTime" : 288.0,
    "pct3ResTime" : 342.9900000000016,
    "throughput" : 602.5513585155732,
    "receivedKBytesPerSec" : 172.4097148877568,
    "sentKBytesPerSec" : 108.27094723326707
  },
  "HTTP Request (Отримати героя за id)" : {
    "transaction" : "HTTP Request (Отримати героя за id)",
    "sampleCount" : 36743,
    "errorCount" : 0,
    "errorPct" : 0.0,
    "meanResTime" : 135.55283999673276,
    "medianResTime" : 161.0,
    "minResTime" : 1.0,
    "maxResTime" : 716.0,
    "pct1ResTime" : 259.0,
    "pct2ResTime" : 295.0,
    "pct3ResTime" : 378.9900000000016,
    "throughput" : 608.0459389686899,
    "receivedKBytesPerSec" : 159.13702308946185,
    "sentKBytesPerSec" : 94.4133831015837
  },
  "Total" : {
    "transaction" : "Total",
    "sampleCount" : 184484,
    "errorCount" : 0,
    "errorPct" : 0.0,
    "meanResTime" : 672.8647253962394,
    "medianResTime" : 214.0,
    "minResTime" : 0.0,
    "maxResTime" : 124061.0,
    "pct1ResTime" : 413.0,
    "pct2ResTime" : 63001.0,
    "pct3ResTime" : 63016.0,
    "throughput" : 1464.9144399888833,
    "receivedKBytesPerSec" : 14512.910833217533,
    "sentKBytesPerSec" : 270.50004249464007
  },
  "HTTP Request (Змінити героя)" : {
    "transaction" : "HTTP Request (Змінити героя)",
    "sampleCount" : 36494,
    "errorCount" : 0,
    "errorPct" : 0.0,
    "meanResTime" : 134.6628760892202,
    "medianResTime" : 161.0,
    "minResTime" : 0.0,
    "maxResTime" : 478.0,
    "pct1ResTime" : 257.0,
    "pct2ResTime" : 289.0,
    "pct3ResTime" : 343.0,
    "throughput" : 604.5456051419673,
    "receivedKBytesPerSec" : 160.58242636583506,
    "sentKBytesPerSec" : 132.8347276923268
  },
  "HTTP Request (Отриати всіх героїв)" : {
    "transaction" : "HTTP Request (Отриати всіх героїв)",
    "sampleCount" : 38257,
    "errorCount" : 0,
    "errorPct" : 0.0,
    "meanResTime" : 2730.0121023603488,
    "medianResTime" : 172.0,
    "minResTime" : 1.0,
    "maxResTime" : 124061.0,
    "pct1ResTime" : 323.0,
    "pct2ResTime" : 63001.0,
    "pct3ResTime" : 63016.0,
    "throughput" : 303.7836979394132,
    "receivedKBytesPerSec" : 14198.282673725533,
    "sentKBytesPerSec" : 46.8728752679954
  },
  "HTTP Request (Створити героя)" : {
    "transaction" : "HTTP Request (Створити героя)",
    "sampleCount" : 36620,
    "errorCount" : 0,
    "errorPct" : 0.0,
    "meanResTime" : 134.04956308028386,
    "medianResTime" : 161.0,
    "minResTime" : 1.0,
    "maxResTime" : 479.0,
    "pct1ResTime" : 254.0,
    "pct2ResTime" : 286.0,
    "pct3ResTime" : 340.0,
    "throughput" : 606.0906984442238,
    "receivedKBytesPerSec" : 163.95226901274413,
    "sentKBytesPerSec" : 130.80668394157564
  }
}