{
  "HTTP Request (Видалити героя)" : {
    "transaction" : "HTTP Request (Видалити героя)",
    "sampleCount" : 116201,
    "errorCount" : 6,
    "errorPct" : 0.0051634666,
    "meanResTime" : 226.42761249902864,
    "medianResTime" : 159.0,
    "minResTime" : 1.0,
    "maxResTime" : 183074.0,
    "pct1ResTime" : 186.0,
    "pct2ResTime" : 195.0,
    "pct3ResTime" : 229.0,
    "throughput" : 477.4114824279575,
    "receivedKBytesPerSec" : 136.6586511919264,
    "sentKBytesPerSec" : 85.78044627523644
  },
  "HTTP Request (Отримати героя за id)" : {
    "transaction" : "HTTP Request (Отримати героя за id)",
    "sampleCount" : 116840,
    "errorCount" : 4,
    "errorPct" : 0.0034234852,
    "meanResTime" : 306.7640106128003,
    "medianResTime" : 159.0,
    "minResTime" : 0.0,
    "maxResTime" : 183071.0,
    "pct1ResTime" : 187.0,
    "pct2ResTime" : 197.0,
    "pct3ResTime" : 336.950000000008,
    "throughput" : 479.89879573496313,
    "receivedKBytesPerSec" : 125.63594407170552,
    "sentKBytesPerSec" : 74.51298463761152
  },
  "Total" : {
    "transaction" : "Total",
    "sampleCount" : 585103,
    "errorCount" : 1033,
    "errorPct" : 0.1765501,
    "meanResTime" : 636.6495061553288,
    "medianResTime" : 183.0,
    "minResTime" : 0.0,
    "maxResTime" : 183076.0,
    "pct1ResTime" : 220.0,
    "pct2ResTime" : 63001.0,
    "pct3ResTime" : 63037.0,
    "throughput" : 2315.29567254424,
    "receivedKBytesPerSec" : 28973.625006553906,
    "sentKBytesPerSec" : 427.26502123711975
  },
  "HTTP Request (Змінити героя)" : {
    "transaction" : "HTTP Request (Змінити героя)",
    "sampleCount" : 116424,
    "errorCount" : 5,
    "errorPct" : 0.0042946474,
    "meanResTime" : 232.7272641379794,
    "medianResTime" : 160.0,
    "minResTime" : 1.0,
    "maxResTime" : 127005.0,
    "pct1ResTime" : 187.0,
    "pct2ResTime" : 196.0,
    "pct3ResTime" : 238.0,
    "throughput" : 621.7603298281967,
    "receivedKBytesPerSec" : 165.21581995264327,
    "sentKBytesPerSec" : 136.61139274275163
  },
  "HTTP Request (Отриати всіх героїв)" : {
    "transaction" : "HTTP Request (Отриати всіх героїв)",
    "sampleCount" : 119040,
    "errorCount" : 1013,
    "errorPct" : 0.85097444,
    "meanResTime" : 2154.668943212343,
    "medianResTime" : 163.0,
    "minResTime" : 1.0,
    "maxResTime" : 183019.0,
    "pct1ResTime" : 195.90000000000146,
    "pct2ResTime" : 52442.850000000006,
    "pct3ResTime" : 63014.990000000005,
    "throughput" : 471.0500490677135,
    "receivedKBytesPerSec" : 28473.691132964603,
    "sentKBytesPerSec" : 72.06304910580027
  },
  "HTTP Request (Створити героя)" : {
    "transaction" : "HTTP Request (Створити героя)",
    "sampleCount" : 116598,
    "errorCount" : 5,
    "errorPct" : 0.004288238,
    "meanResTime" : 229.55182764712765,
    "medianResTime" : 159.0,
    "minResTime" : 0.0,
    "maxResTime" : 183076.0,
    "pct1ResTime" : 186.0,
    "pct2ResTime" : 195.0,
    "pct3ResTime" : 237.0,
    "throughput" : 478.9067922962866,
    "receivedKBytesPerSec" : 129.59463737642062,
    "sentKBytesPerSec" : 103.353381342492
  }
}