{
  "HTTP Request (Видалити героя)" : {
    "transaction" : "HTTP Request (Видалити героя)",
    "sampleCount" : 2000,
    "errorCount" : 0,
    "errorPct" : 0.0,
    "meanResTime" : 24.858000000000068,
    "medianResTime" : 29.0,
    "minResTime" : 0.0,
    "maxResTime" : 67.0,
    "pct1ResTime" : 55.0,
    "pct2ResTime" : 59.0,
    "pct3ResTime" : 66.0,
    "throughput" : 408.9979550102249,
    "receivedKBytesPerSec" : 117.02773517382414,
    "sentKBytesPerSec" : 72.79205010224949
  },
  "HTTP Request (Отримати героя за id)" : {
    "transaction" : "HTTP Request (Отримати героя за id)",
    "sampleCount" : 2000,
    "errorCount" : 0,
    "errorPct" : 0.0,
    "meanResTime" : 19.228999999999967,
    "medianResTime" : 16.0,
    "minResTime" : 0.0,
    "maxResTime" : 108.0,
    "pct1ResTime" : 44.0,
    "pct2ResTime" : 47.0,
    "pct3ResTime" : 60.99000000000001,
    "throughput" : 407.9967360261118,
    "receivedKBytesPerSec" : 106.78039575683394,
    "sentKBytesPerSec" : 63.351055691554464
  },
  "Total" : {
    "transaction" : "Total",
    "sampleCount" : 10000,
    "errorCount" : 0,
    "errorPct" : 0.0,
    "meanResTime" : 196.48629999999972,
    "medianResTime" : 27.0,
    "minResTime" : 0.0,
    "maxResTime" : 4011.0,
    "pct1ResTime" : 88.59999999999854,
    "pct2ResTime" : 1723.0,
    "pct3ResTime" : 2749.99,
    "throughput" : 2020.2020202020203,
    "receivedKBytesPerSec" : 1140.3947679924242,
    "sentKBytesPerSec" : 372.27588383838383
  },
  "HTTP Request (Змінити героя)" : {
    "transaction" : "HTTP Request (Змінити героя)",
    "sampleCount" : 2000,
    "errorCount" : 0,
    "errorPct" : 0.0,
    "meanResTime" : 23.576999999999988,
    "medianResTime" : 26.0,
    "minResTime" : 0.0,
    "maxResTime" : 75.0,
    "pct1ResTime" : 50.0,
    "pct2ResTime" : 57.0,
    "pct3ResTime" : 61.0,
    "throughput" : 408.58018386108273,
    "receivedKBytesPerSec" : 107.83005617977528,
    "sentKBytesPerSec" : 89.07686414708887
  },
  "HTTP Request (Отриати всіх героїв)" : {
    "transaction" : "HTTP Request (Отриати всіх героїв)",
    "sampleCount" : 2000,
    "errorCount" : 0,
    "errorPct" : 0.0,
    "meanResTime" : 893.120500000001,
    "medianResTime" : 55.0,
    "minResTime" : 1.0,
    "maxResTime" : 4011.0,
    "pct1ResTime" : 2522.5000000000014,
    "pct2ResTime" : 2749.95,
    "pct3ResTime" : 3158.98,
    "throughput" : 404.2037186742118,
    "receivedKBytesPerSec" : 704.0883390385003,
    "sentKBytesPerSec" : 62.36737065481002
  },
  "HTTP Request (Створити героя)" : {
    "transaction" : "HTTP Request (Створити героя)",
    "sampleCount" : 2000,
    "errorCount" : 0,
    "errorPct" : 0.0,
    "meanResTime" : 21.64700000000001,
    "medianResTime" : 23.0,
    "minResTime" : 1.0,
    "maxResTime" : 91.0,
    "pct1ResTime" : 49.0,
    "pct2ResTime" : 57.0,
    "pct3ResTime" : 59.0,
    "throughput" : 408.16326530612247,
    "receivedKBytesPerSec" : 109.71301020408163,
    "sentKBytesPerSec" : 88.08992346938774
  }
}