{
  "HTTP Request (POST Створити героя)" : {
    "transaction" : "HTTP Request (POST Створити героя)",
    "sampleCount" : 17921,
    "errorCount" : 0,
    "errorPct" : 0.0,
    "meanResTime" : 104.68539702025538,
    "medianResTime" : 103.0,
    "minResTime" : 27.0,
    "maxResTime" : 718.0,
    "pct1ResTime" : 118.0,
    "pct2ResTime" : 129.0,
    "pct3ResTime" : 156.0,
    "throughput" : 18.66813614478665,
    "receivedKBytesPerSec" : 5.086337875386207,
    "sentKBytesPerSec" : 4.0289629765604005
  },
  "HTTP Request (DELETE Видалити героя)" : {
    "transaction" : "HTTP Request (DELETE Видалити героя)",
    "sampleCount" : 8957,
    "errorCount" : 0,
    "errorPct" : 0.0,
    "meanResTime" : 103.9372557776041,
    "medianResTime" : 102.0,
    "minResTime" : 26.0,
    "maxResTime" : 576.0,
    "pct1ResTime" : 118.0,
    "pct2ResTime" : 131.0,
    "pct3ResTime" : 154.42000000000007,
    "throughput" : 9.335576289699912,
    "receivedKBytesPerSec" : 2.6712147000801503,
    "sentKBytesPerSec" : 1.695719911996273
  },
  "HTTP Request (PUT Змінити героя)" : {
    "transaction" : "HTTP Request (PUT Змінити героя)",
    "sampleCount" : 8958,
    "errorCount" : 0,
    "errorPct" : 0.0,
    "meanResTime" : 105.43369055592781,
    "medianResTime" : 103.0,
    "minResTime" : 26.0,
    "maxResTime" : 756.0,
    "pct1ResTime" : 120.0,
    "pct2ResTime" : 132.0,
    "pct3ResTime" : 156.0,
    "throughput" : 9.335606616420996,
    "receivedKBytesPerSec" : 2.4980041141595244,
    "sentKBytesPerSec" : 2.0695143573511388
  },
  "HTTP Request (GET Отриати всіх героїв)" : {
    "transaction" : "HTTP Request (GET Отриати всіх героїв)",
    "sampleCount" : 27016,
    "errorCount" : 0,
    "errorPct" : 0.0,
    "meanResTime" : 3830.8988377257747,
    "medianResTime" : 114.0,
    "minResTime" : 56.0,
    "maxResTime" : 14599.0,
    "pct1ResTime" : 13681.0,
    "pct2ResTime" : 13895.0,
    "pct3ResTime" : 14336.0,
    "throughput" : 28.007319058060034,
    "receivedKBytesPerSec" : 132713.51957213055,
    "sentKBytesPerSec" : 4.321441807786607
  },
  "Total" : {
    "transaction" : "Total",
    "sampleCount" : 89740,
    "errorCount" : 0,
    "errorPct" : 0.0,
    "meanResTime" : 1221.0998997102704,
    "medianResTime" : 104.0,
    "minResTime" : 17.0,
    "maxResTime" : 14599.0,
    "pct1ResTime" : 12909.000000000116,
    "pct2ResTime" : 13621.0,
    "pct3ResTime" : 14167.930000000011,
    "throughput" : 93.03289947698799,
    "receivedKBytesPerSec" : 132731.01867555242,
    "sentKBytesPerSec" : 16.40459473210537
  },
  "HTTP Request (GET Отримати героя за id)" : {
    "transaction" : "HTTP Request (GET Отримати героя за id)",
    "sampleCount" : 26888,
    "errorCount" : 0,
    "errorPct" : 0.0,
    "meanResTime" : 86.820663493008,
    "medianResTime" : 75.0,
    "minResTime" : 17.0,
    "maxResTime" : 790.0,
    "pct1ResTime" : 110.0,
    "pct2ResTime" : 136.0,
    "pct3ResTime" : 187.0,
    "throughput" : 28.00255780578589,
    "receivedKBytesPerSec" : 7.328794425733026,
    "sentKBytesPerSec" : 4.348053409296833
  }
}