{
  "HTTP Request (Видалити героя)" : {
    "transaction" : "HTTP Request (Видалити героя)",
    "sampleCount" : 100,
    "errorCount" : 0,
    "errorPct" : 0.0,
    "meanResTime" : 0.6999999999999998,
    "medianResTime" : 1.0,
    "minResTime" : 0.0,
    "maxResTime" : 3.0,
    "pct1ResTime" : 1.0,
    "pct2ResTime" : 2.0,
    "pct3ResTime" : 2.989999999999995,
    "throughput" : 103.30578512396694,
    "receivedKBytesPerSec" : 29.559174845041323,
    "sentKBytesPerSec" : 18.36098915289256
  },
  "HTTP Request (Отримати героя за id)" : {
    "transaction" : "HTTP Request (Отримати героя за id)",
    "sampleCount" : 100,
    "errorCount" : 0,
    "errorPct" : 0.0,
    "meanResTime" : 0.7900000000000003,
    "medianResTime" : 1.0,
    "minResTime" : 0.0,
    "maxResTime" : 2.0,
    "pct1ResTime" : 1.9000000000000057,
    "pct2ResTime" : 2.0,
    "pct3ResTime" : 2.0,
    "throughput" : 102.77492291880782,
    "receivedKBytesPerSec" : 26.898124357656734,
    "sentKBytesPerSec" : 15.958215570400823
  },
  "Total" : {
    "transaction" : "Total",
    "sampleCount" : 500,
    "errorCount" : 0,
    "errorPct" : 0.0,
    "meanResTime" : 1.1100000000000028,
    "medianResTime" : 1.0,
    "minResTime" : 0.0,
    "maxResTime" : 17.0,
    "pct1ResTime" : 2.0,
    "pct2ResTime" : 3.0,
    "pct3ResTime" : 5.0,
    "throughput" : 504.0322580645161,
    "receivedKBytesPerSec" : 259.3167212701613,
    "sentKBytesPerSec" : 92.83250378024194
  },
  "HTTP Request (Змінити героя)" : {
    "transaction" : "HTTP Request (Змінити героя)",
    "sampleCount" : 100,
    "errorCount" : 0,
    "errorPct" : 0.0,
    "meanResTime" : 0.79,
    "medianResTime" : 1.0,
    "minResTime" : 0.0,
    "maxResTime" : 5.0,
    "pct1ResTime" : 1.9000000000000057,
    "pct2ResTime" : 2.0,
    "pct3ResTime" : 4.989999999999995,
    "throughput" : 103.19917440660474,
    "receivedKBytesPerSec" : 27.210719814241486,
    "sentKBytesPerSec" : 22.47403895768834
  },
  "HTTP Request (Отриати всіх героїв)" : {
    "transaction" : "HTTP Request (Отриати всіх героїв)",
    "sampleCount" : 100,
    "errorCount" : 0,
    "errorPct" : 0.0,
    "meanResTime" : 2.3800000000000012,
    "medianResTime" : 2.0,
    "minResTime" : 1.0,
    "maxResTime" : 17.0,
    "pct1ResTime" : 3.9000000000000057,
    "pct2ResTime" : 5.0,
    "pct3ResTime" : 16.909999999999954,
    "throughput" : 101.01010101010101,
    "receivedKBytesPerSec" : 150.74179292929293,
    "sentKBytesPerSec" : 15.585542929292929
  },
  "HTTP Request (Створити героя)" : {
    "transaction" : "HTTP Request (Створити героя)",
    "sampleCount" : 100,
    "errorCount" : 0,
    "errorPct" : 0.0,
    "meanResTime" : 0.8899999999999998,
    "medianResTime" : 1.0,
    "minResTime" : 0.0,
    "maxResTime" : 6.0,
    "pct1ResTime" : 2.0,
    "pct2ResTime" : 2.9499999999999886,
    "pct3ResTime" : 5.97999999999999,
    "throughput" : 102.88065843621399,
    "receivedKBytesPerSec" : 27.62908307613169,
    "sentKBytesPerSec" : 22.203735853909464
  }
}