{
  "HTTP Request (POST Створити героя)" : {
    "transaction" : "HTTP Request (POST Створити героя)",
    "sampleCount" : 14819,
    "errorCount" : 0,
    "errorPct" : 0.0,
    "meanResTime" : 121.70531074971319,
    "medianResTime" : 120.0,
    "minResTime" : 0.0,
    "maxResTime" : 603.0,
    "pct1ResTime" : 145.0,
    "pct2ResTime" : 160.0,
    "pct3ResTime" : 228.59999999999854,
    "throughput" : 15.46600484675933,
    "receivedKBytesPerSec" : 4.213882179927591,
    "sentKBytesPerSec" : 3.337877999154113
  },
  "HTTP Request (DELETE Видалити героя)" : {
    "transaction" : "HTTP Request (DELETE Видалити героя)",
    "sampleCount" : 7401,
    "errorCount" : 0,
    "errorPct" : 0.0,
    "meanResTime" : 121.0248615052019,
    "medianResTime" : 119.0,
    "minResTime" : 2.0,
    "maxResTime" : 560.0,
    "pct1ResTime" : 147.0,
    "pct2ResTime" : 161.0,
    "pct3ResTime" : 225.95999999999913,
    "throughput" : 7.724590834654512,
    "receivedKBytesPerSec" : 2.210258900931418,
    "sentKBytesPerSec" : 1.4030995070759171
  },
  "HTTP Request (PUT Змінити героя)" : {
    "transaction" : "HTTP Request (PUT Змінити героя)",
    "sampleCount" : 7403,
    "errorCount" : 0,
    "errorPct" : 0.0,
    "meanResTime" : 122.86113737673918,
    "medianResTime" : 120.0,
    "minResTime" : 2.0,
    "maxResTime" : 572.0,
    "pct1ResTime" : 149.0,
    "pct2ResTime" : 163.0,
    "pct3ResTime" : 241.0,
    "throughput" : 7.726670215319745,
    "receivedKBytesPerSec" : 2.067487928708603,
    "sentKBytesPerSec" : 1.7128458387476386
  },
  "HTTP Request (GET Отриати всіх героїв)" : {
    "transaction" : "HTTP Request (GET Отриати всіх героїв)",
    "sampleCount" : 22437,
    "errorCount" : 0,
    "errorPct" : 0.0,
    "meanResTime" : 6733.953647992116,
    "medianResTime" : 136.0,
    "minResTime" : 32.0,
    "maxResTime" : 26010.0,
    "pct1ResTime" : 23980.9,
    "pct2ResTime" : 25032.0,
    "pct3ResTime" : 25452.99,
    "throughput" : 23.407766909260868,
    "receivedKBytesPerSec" : 124278.51005045301,
    "sentKBytesPerSec" : 3.6117452848273603
  },
  "Total" : {
    "transaction" : "Total",
    "sampleCount" : 74309,
    "errorCount" : 0,
    "errorPct" : 0.0,
    "meanResTime" : 2111.7145298685114,
    "medianResTime" : 124.0,
    "minResTime" : 0.0,
    "maxResTime" : 26010.0,
    "pct1ResTime" : 10207.600000000064,
    "pct2ResTime" : 24986.95,
    "pct3ResTime" : 25450.99,
    "throughput" : 77.524078587167,
    "receivedKBytesPerSec" : 124293.07313980069,
    "sentKBytesPerSec" : 13.667097777464507
  },
  "HTTP Request (GET Отримати героя за id)" : {
    "transaction" : "HTTP Request (GET Отримати героя за id)",
    "sampleCount" : 22249,
    "errorCount" : 0,
    "errorPct" : 0.0,
    "meanResTime" : 99.81931772214475,
    "medianResTime" : 87.0,
    "minResTime" : 0.0,
    "maxResTime" : 718.0,
    "pct1ResTime" : 133.0,
    "pct2ResTime" : 177.0,
    "pct3ResTime" : 238.0,
    "throughput" : 23.217664166698842,
    "receivedKBytesPerSec" : 6.076498043628213,
    "sentKBytesPerSec" : 3.605086525883902
  }
}