{
  "HTTP Request (Видалити героя)" : {
    "transaction" : "HTTP Request (Видалити героя)",
    "sampleCount" : 8064,
    "errorCount" : 0,
    "errorPct" : 0.0,
    "meanResTime" : 5.426587301587294,
    "medianResTime" : 4.0,
    "minResTime" : 0.0,
    "maxResTime" : 141.0,
    "pct1ResTime" : 6.0,
    "pct2ResTime" : 9.0,
    "pct3ResTime" : 41.0,
    "throughput" : 279.766860949209,
    "receivedKBytesPerSec" : 80.05047876769359,
    "sentKBytesPerSec" : 49.997398001665275
  },
  "HTTP Request (Отримати героя за id)" : {
    "transaction" : "HTTP Request (Отримати героя за id)",
    "sampleCount" : 8064,
    "errorCount" : 0,
    "errorPct" : 0.0,
    "meanResTime" : 6.375372023809534,
    "medianResTime" : 5.0,
    "minResTime" : 0.0,
    "maxResTime" : 145.0,
    "pct1ResTime" : 9.0,
    "pct2ResTime" : 12.0,
    "pct3ResTime" : 41.0,
    "throughput" : 278.90568256493617,
    "receivedKBytesPerSec" : 72.99484660879189,
    "sentKBytesPerSec" : 43.30664407014146
  },
  "Total" : {
    "transaction" : "Total",
    "sampleCount" : 40320,
    "errorCount" : 0,
    "errorPct" : 0.0,
    "meanResTime" : 362.0897321428587,
    "medianResTime" : 4.0,
    "minResTime" : 0.0,
    "maxResTime" : 28078.0,
    "pct1ResTime" : 8.0,
    "pct2ResTime" : 44.0,
    "pct3ResTime" : 15618.960000000006,
    "throughput" : 1390.9203808472473,
    "receivedKBytesPerSec" : 1442.4546027127606,
    "sentKBytesPerSec" : 256.7226093555954
  },
  "HTTP Request (Змінити героя)" : {
    "transaction" : "HTTP Request (Змінити героя)",
    "sampleCount" : 8064,
    "errorCount" : 0,
    "errorPct" : 0.0,
    "meanResTime" : 5.498387896825413,
    "medianResTime" : 4.0,
    "minResTime" : 0.0,
    "maxResTime" : 182.0,
    "pct1ResTime" : 6.0,
    "pct2ResTime" : 9.0,
    "pct3ResTime" : 40.0,
    "throughput" : 279.66013525229755,
    "receivedKBytesPerSec" : 74.01161782555921,
    "sentKBytesPerSec" : 61.17565458644009
  },
  "HTTP Request (Отриати всіх героїв)" : {
    "transaction" : "HTTP Request (Отриати всіх героїв)",
    "sampleCount" : 8064,
    "errorCount" : 0,
    "errorPct" : 0.0,
    "meanResTime" : 1787.654141865078,
    "medianResTime" : 5.0,
    "minResTime" : 0.0,
    "maxResTime" : 28078.0,
    "pct1ResTime" : 7663.5,
    "pct2ResTime" : 9303.75,
    "pct3ResTime" : 16083.050000000001,
    "throughput" : 278.21286872520267,
    "receivedKBytesPerSec" : 1141.568881264016,
    "sentKBytesPerSec" : 42.92737622908401
  },
  "HTTP Request (Створити героя)" : {
    "transaction" : "HTTP Request (Створити героя)",
    "sampleCount" : 8064,
    "errorCount" : 0,
    "errorPct" : 0.0,
    "meanResTime" : 5.494171626984116,
    "medianResTime" : 4.0,
    "minResTime" : 0.0,
    "maxResTime" : 168.0,
    "pct1ResTime" : 6.0,
    "pct2ResTime" : 9.0,
    "pct3ResTime" : 40.0,
    "throughput" : 279.05045331856877,
    "receivedKBytesPerSec" : 75.21281749602049,
    "sentKBytesPerSec" : 60.22475603848017
  }
}