{
  "HTTP Request (POST Створити героя)" : {
    "transaction" : "HTTP Request (POST Створити героя)",
    "sampleCount" : 4881,
    "errorCount" : 0,
    "errorPct" : 0.0,
    "meanResTime" : 120.16984224544144,
    "medianResTime" : 114.0,
    "minResTime" : 10.0,
    "maxResTime" : 694.0,
    "pct1ResTime" : 144.0,
    "pct2ResTime" : 163.0,
    "pct3ResTime" : 321.3600000000006,
    "throughput" : 16.03371646502705,
    "receivedKBytesPerSec" : 4.368561419670456,
    "sentKBytesPerSec" : 3.4604016980185337
  },
  "HTTP Request (DELETE Видалити героя)" : {
    "transaction" : "HTTP Request (DELETE Видалити героя)",
    "sampleCount" : 2440,
    "errorCount" : 0,
    "errorPct" : 0.0,
    "meanResTime" : 119.91434426229503,
    "medianResTime" : 113.0,
    "minResTime" : 35.0,
    "maxResTime" : 663.0,
    "pct1ResTime" : 146.0,
    "pct2ResTime" : 165.0,
    "pct3ResTime" : 309.3400000000038,
    "throughput" : 8.025840575229099,
    "receivedKBytesPerSec" : 2.2964563364669197,
    "sentKBytesPerSec" : 1.457818698234973
  },
  "HTTP Request (PUT Змінити героя)" : {
    "transaction" : "HTTP Request (PUT Змінити героя)",
    "sampleCount" : 2440,
    "errorCount" : 0,
    "errorPct" : 0.0,
    "meanResTime" : 121.1909836065575,
    "medianResTime" : 114.0,
    "minResTime" : 9.0,
    "maxResTime" : 669.0,
    "pct1ResTime" : 145.0,
    "pct2ResTime" : 164.0,
    "pct3ResTime" : 360.77000000000044,
    "throughput" : 8.023755577989919,
    "receivedKBytesPerSec" : 2.1469814730168335,
    "sentKBytesPerSec" : 1.778703629105187
  },
  "HTTP Request (GET Отриати всіх героїв)" : {
    "transaction" : "HTTP Request (GET Отриати всіх героїв)",
    "sampleCount" : 7622,
    "errorCount" : 0,
    "errorPct" : 0.0,
    "meanResTime" : 8508.917344528987,
    "medianResTime" : 135.0,
    "minResTime" : 46.0,
    "maxResTime" : 36067.0,
    "pct1ResTime" : 32866.8,
    "pct2ResTime" : 34504.94999999998,
    "pct3ResTime" : 35496.31,
    "throughput" : 24.31182418423655,
    "receivedKBytesPerSec" : 124414.46498666311,
    "sentKBytesPerSec" : 3.7512384971771238
  },
  "Total" : {
    "transaction" : "Total",
    "sampleCount" : 24707,
    "errorCount" : 0,
    "errorPct" : 0.0,
    "meanResTime" : 2702.5559558020145,
    "medianResTime" : 113.0,
    "minResTime" : 9.0,
    "maxResTime" : 36067.0,
    "pct1ResTime" : 15833.000000000044,
    "pct2ResTime" : 30963.0,
    "pct3ResTime" : 35009.990000000005,
    "throughput" : 78.8076935344965,
    "receivedKBytesPerSec" : 124429.1304348097,
    "sentKBytesPerSec" : 13.877687937585723
  },
  "HTTP Request (GET Отримати героя за id)" : {
    "transaction" : "HTTP Request (GET Отримати героя за id)",
    "sampleCount" : 7324,
    "errorCount" : 0,
    "errorPct" : 0.0,
    "meanResTime" : 101.34298197706205,
    "medianResTime" : 85.0,
    "minResTime" : 13.0,
    "maxResTime" : 893.0,
    "pct1ResTime" : 139.5,
    "pct2ResTime" : 192.0,
    "pct3ResTime" : 363.75,
    "throughput" : 24.041807271629093,
    "receivedKBytesPerSec" : 6.2921917468716755,
    "sentKBytesPerSec" : 3.733054058778345
  }
}