{
  "HTTP Request (Видалити героя)" : {
    "transaction" : "HTTP Request (Видалити героя)",
    "sampleCount" : 20701,
    "errorCount" : 0,
    "errorPct" : 0.0,
    "meanResTime" : 88.0573885319552,
    "medianResTime" : 83.0,
    "minResTime" : 10.0,
    "maxResTime" : 432.0,
    "pct1ResTime" : 134.0,
    "pct2ResTime" : 163.0,
    "pct3ResTime" : 266.0,
    "throughput" : 690.793205859779,
    "receivedKBytesPerSec" : 197.6586028485501,
    "sentKBytesPerSec" : 123.45230143783162
  },
  "HTTP Request (Отримати героя за id)" : {
    "transaction" : "HTTP Request (Отримати героя за id)",
    "sampleCount" : 20974,
    "errorCount" : 0,
    "errorPct" : 0.0,
    "meanResTime" : 89.03971583865783,
    "medianResTime" : 84.0,
    "minResTime" : 3.0,
    "maxResTime" : 552.0,
    "pct1ResTime" : 137.0,
    "pct2ResTime" : 169.0,
    "pct3ResTime" : 267.0,
    "throughput" : 698.2256400013316,
    "receivedKBytesPerSec" : 182.7387417190985,
    "sentKBytesPerSec" : 108.41589527364425
  },
  "Total" : {
    "transaction" : "Total",
    "sampleCount" : 104945,
    "errorCount" : 0,
    "errorPct" : 0.0,
    "meanResTime" : 281.6061937205211,
    "medianResTime" : 130.0,
    "minResTime" : 3.0,
    "maxResTime" : 60037.0,
    "pct1ResTime" : 262.0,
    "pct2ResTime" : 382.9500000000007,
    "pct3ResTime" : 29277.0,
    "throughput" : 1701.277437343968,
    "receivedKBytesPerSec" : 3324.262111616696,
    "sentKBytesPerSec" : 313.5714546250365
  },
  "HTTP Request (Змінити героя)" : {
    "transaction" : "HTTP Request (Змінити героя)",
    "sampleCount" : 20790,
    "errorCount" : 0,
    "errorPct" : 0.0,
    "meanResTime" : 87.90129870129863,
    "medianResTime" : 83.0,
    "minResTime" : 7.0,
    "maxResTime" : 432.0,
    "pct1ResTime" : 134.0,
    "pct2ResTime" : 162.0,
    "pct3ResTime" : 266.0,
    "throughput" : 693.3235509904622,
    "receivedKBytesPerSec" : 183.4869944515774,
    "sentKBytesPerSec" : 151.6645267791636
  },
  "HTTP Request (Отриати всіх героїв)" : {
    "transaction" : "HTTP Request (Отриати всіх героїв)",
    "sampleCount" : 21603,
    "errorCount" : 0,
    "errorPct" : 0.0,
    "meanResTime" : 1027.9356570846628,
    "medianResTime" : 86.0,
    "minResTime" : 8.0,
    "maxResTime" : 60037.0,
    "pct1ResTime" : 151.0,
    "pct2ResTime" : 268.0,
    "pct3ResTime" : 29277.0,
    "throughput" : 350.2091236261064,
    "receivedKBytesPerSec" : 2958.8377148988425,
    "sentKBytesPerSec" : 54.03617337199689
  },
  "HTTP Request (Створити героя)" : {
    "transaction" : "HTTP Request (Створити героя)",
    "sampleCount" : 20877,
    "errorCount" : 0,
    "errorPct" : 0.0,
    "meanResTime" : 87.59903242803044,
    "medianResTime" : 83.0,
    "minResTime" : 4.0,
    "maxResTime" : 431.0,
    "pct1ResTime" : 135.0,
    "pct2ResTime" : 163.0,
    "pct3ResTime" : 266.0,
    "throughput" : 695.2742531721451,
    "receivedKBytesPerSec" : 187.3981385503047,
    "sentKBytesPerSec" : 150.05430659281646
  }
}